,Amount of Read I/O,Amount of Write I/O,Application,End Time,Filename,Read 0-100,Read 100-1K,Read 100K-1M,Read 100M-1G,Read 10K-100K,Read 10M-100M,Read 1G+,Read 1K-10K,Read 1M-4M,Read 4M-10M,Read Performance,Start Time,Write 0-100,Write 100-1K,Write 100K-1M,Write 100M-1G,Write 10K-100K,Write 10M-100M,Write 1G+,Write 1K-10K,Write 1M-4M,Write 4M-10M,Write Performance
0,276736.0,78243490.0,main_13286,1554649771,13286_main_id20288189_4-7-29196-3659962959698612896_16.darshan.txt,64.0,0.0,0.0,0.0,0.0,0.0,0.0,64.0,0.0,0.0,171672456.5756824,1554649596,686.0,150.0,594.0,0.0,9.0,0.0,0.0,1.0,0.0,0.0,642625332.632478
1,71440.0,19975240.0,main_13286,1554653637,13286_main_id20288448_4-7-32241-17540259046412980687_1.darshan.txt,16.0,0.0,0.0,0.0,0.0,0.0,0.0,16.0,0.0,0.0,170095238.0952381,1554652641,411.0,273.0,153.0,0.0,0.0,0.0,0.0,1.0,0.0,0.0,371812225.4485891
2,99125521.0,198327944.0,nimrod_51188,1557912913,51188_nimrod_id21437025_5-15-5790-3164359536268789026_1.darshan.txt,5.0,0.0,0.0,0.0,0.0,0.0,0.0,12102.0,0.0,0.0,122520278.0036932,1557909390,9487.0,815.0,0.0,0.0,0.0,0.0,0.0,29926.0,0.0,0.0,52012981.74399634
3,99125521.0,99224413.0,nimrod_51188,1557955205,51188_nimrod_id21451138_5-15-48096-11245658620275431030_2.darshan.txt,5.0,0.0,0.0,0.0,0.0,0.0,0.0,12102.0,0.0,0.0,129173128.22116669,1557951696,5161.0,477.0,0.0,0.0,0.0,0.0,0.0,14967.0,0.0,0.0,54972704.90023136
4,276672.0,78243490.0,main_13286,1554632024,13286_main_id20287201_4-7-11370-6894238295465626944_1.darshan.txt,64.0,0.0,0.0,0.0,0.0,0.0,0.0,64.0,0.0,0.0,171526348.41909486,1554631770,686.0,150.0,594.0,0.0,9.0,0.0,0.0,1.0,0.0,0.0,711310921.0083728
